,,,,,,,,,,,,,,,,,,,,,,,,
,,,,,201,201,,,,201,,,201,201,201,,201,,201,,,,,
,,,,,201,,201,,201,,201,,201,,,,201,,201,,,,,
,,,,,201,,201,,201,201,201,,201,201,201,,201,201,201,,,,,
,,,,,201,,201,,201,,201,,,,201,,201,,201,,,,,
,,,,,201,201,,,201,,201,,201,201,201,,201,,201,,,,,
,,,,,,,,,,,,,,,,,,,,,,,,
201,201,201,,,201,,,,,,201,201,201,,,,201,201,,,201,,,201
201,,,201,,201,,,,,201,,,,201,,201,,,201,,201,,201,
201,,,201,,201,,,,,201,,,,201,,201,,,,,201,201,,
201,201,201,,,201,,,,,201,,,,201,,201,,,,,201,201,,
201,,,201,,201,,,,,201,,,,201,,201,,,,,201,201,,
201,,,201,,201,,,,,201,,,,201,,201,,,201,,201,,201,
201,201,201,,,201,201,201,201,,,201,201,201,,,,201,201,,,201,,,199
,,,,,,,,,,,,,,,,,,,,,,,,
,,,,,301,401,501,601,,,,,,,,,,,,,,,,
,,,,,,,,,,,,,,,,,,,,,,,,
,,,,,,,,,,,,,,,,,,,,,,,,
,,,,,,,,,,,,,,,,,,,,,,,,
,,,,,,,,,,,,,,,,,,,,,,,,
,,,,,,301,,,,,,,,,,,,,,,,,,